﻿pos_x,pos_y,rotation,side,designator,mpn,pack,value,mount_type,place
114.5498,-34.3682,0.0,top,AE1,,RFECA3216060A1T,RFECA3216060A1T,smt,True
98.84,-94.04,0.0,bottom,BT1,,JST_PH_S2B-PH-SM4-TB_1x02-1MP_P2.00mm_Horizontal,S2B-PH-SM4-TB(LF)(SN),smt,True
115.983,-38.754,180.0,top,C1,,C_0402_1005Metric,12p,smt,True
118.22,-50.04,-90.0,top,C10,,C_0402_1005Metric,100n,smt,True
117.403,-39.639,90.0,top,C11,,C_0402_1005Metric,100n,smt,True
111.4448,-34.3622,0.0,top,C12,,C_0402_1005Metric,DNP,smt,True
125.75,-42.845,180.0,top,C13,,C_0402_1005Metric,100n,smt,True
123.375,-37.015,180.0,top,C14,,C_0402_1005Metric,1u,smt,True
121.115,-37.291,180.0,top,C15,,C_0402_1005Metric,DNP,smt,True
121.105,-40.081,0.0,top,C16,,C_0402_1005Metric,DNP,smt,True
99.91,-46.6,-90.0,top,C17,,C_0402_1005Metric,10n,smt,True
102.29,-47.55,90.0,top,C18,,C_0402_1005Metric,100n,smt,True
102.105,-53.15,180.0,top,C19,,C_0603_1608Metric,10u,smt,True
115.543,-40.168,-90.0,top,C2,,C_0402_1005Metric,12p,smt,True
98.73,-51.865,90.0,top,C20,,C_0603_1608Metric,10u,smt,True
109.2768,-52.4112,-90.0,top,C21,,C_0603_1608Metric,22u,smt,True
102.1048,-54.625,180.0,top,C22,,C_0603_1608Metric,22u,smt,True
101.3936,-56.8602,90.0,top,C23,,C_0603_1608Metric,10u,smt,True
117.44,-56.73,-90.0,top,C24,,C_0603_1608Metric,10u,smt,True
115.165,-56.08,0.0,top,C25,,C_0603_1608Metric,10u,smt,True
115.165,-57.54,0.0,top,C26,,C_0603_1608Metric,10u,smt,True
102.64,-34.9276,90.0,top,C27,,C_0402_1005Metric,100n,smt,True
101.8286,-36.5252,180.0,top,C28,,C_0402_1005Metric,100n,smt,True
94.44,-55.77,-90.0,top,C29,,C_0402_1005Metric,100n,smt,True
123.926,-45.262,180.0,top,C3,,C_0402_1005Metric,10p,smt,True
123.41,-50.12,180.0,top,C30,,C_0402_1005Metric,1n,smt,True
112.246,-64.8654,-90.0,top,C31,,C_0402_1005Metric,1u,smt,True
116.096,-64.8504,-90.0,top,C32,,C_0402_1005Metric,1u,smt,True
114.671,-64.8454,-90.0,top,C33,,C_0402_1005Metric,1u,smt,True
113.171,-64.8654,-90.0,top,C34,,C_0402_1005Metric,1u,smt,True
115.121,-63.4704,0.0,top,C35,,C_0402_1005Metric,1u,smt,True
105.575,-64.815,-90.0,top,C36,,C_0402_1005Metric,1u,smt,True
106.525,-64.805,-90.0,top,C37,,C_0402_1005Metric,1u,smt,True
110.87,-64.42,180.0,top,C38,,C_0402_1005Metric,1u,smt,True
113.285,-63.465,0.0,top,C39,,C_0402_1005Metric,1u,smt,True
123.878,-41.252,90.0,top,C4,,C_0402_1005Metric,10p,smt,True
112.955,-59.94,180.0,top,C40,,C_0603_1608Metric,4u7,smt,True
101.395,-65.355,0.0,top,C41,,C_0603_1608Metric,4u7,smt,True
116.552,-37.562,180.0,top,C5,,C_0603_1608Metric,10u,smt,True
118.943,-37.29,180.0,top,C6,,C_0402_1005Metric,100n,smt,True
118.775,-40.091,180.0,top,C7,,C_0402_1005Metric,100n,smt,True
123.378,-39.837,0.0,top,C8,,C_0402_1005Metric,10n,smt,True
123.378,-38.915,0.0,top,C9,,C_0402_1005Metric,1u,smt,True
91.42,-50.4625,90.0,top,D1,,LED_0603_1608Metric,VLMO1300-GS08,smt,True
125.62,-52.72,0.0,top,D3,,D_MiniMELF,LL4148,smt,True
115.63,-60.64,-90.0,top,D4,,D_SOD-123,MBR0530,smt,True
117.98,-60.635,90.0,top,D5,,D_SOD-123,MBR0530,smt,True
112.08,-61.84,180.0,top,D6,,D_SOD-123,MBR0530,smt,True
103.51,-45.69,0.0,top,F1,,Fuse_0805_2012Metric,0.75A,smt,True
101.1,-47.1775,-90.0,top,FB1,,L_0603_1608Metric,MMZ1608B601CTAH0,smt,True
94.692,-43.661,-90.0,top,J1,,USB_C_Receptacle_XKB_U262-16XN-4BVC11,U262-161N-4BVC11,smt,True
93.24,-61.11,0.0,top,J2,,TestPoint_THTPad_D1.0mm_Drill0.5mm,+LIPO,tht,True
93.24,-63.62,0.0,top,J3,,TestPoint_THTPad_D1.0mm_Drill0.5mm,-LIPO,tht,True
109.68,-68.365,180.0,top,J4,,FPC-SMD_24P-P0.50_HC-FPC-05-09-24RLTAG,HC-FPC-05-09-24RLTAG,smt,True
119.215,-38.696,-90.0,top,L1,,L_0402_1005Metric,2n2,smt,True
120.665,-38.691,-90.0,top,L2,,L_0402_1005Metric,0,smt,True
106.055,-51.14,180.0,top,L3,,IND_LPS4012-103MRB,10u 0.55A,smt,True
102.8668,-56.8602,90.0,top,L4,,L_0603_1608Metric,10u,smt,True
102.07,-62.375,0.0,top,L5,,L_Changjiang_FNR4012S,10u 1A,smt,True
109.03,-47.59,180.0,top,Q1,,SOT-323_SC-70,DMG1012UW,smt,True
111.36,-52.31,90.0,top,Q2,,SOT-323_SC-70,DMG1012UW,smt,True
126.3425,-49.875,0.0,top,Q3,,SOT-23,MMBT3906,smt,True
97.7825,-55.92,180.0,top,Q4,,SOT-23,PMV32UP,smt,True
95.57,-58.99,0.0,top,Q5,,SOT-323_SC-70,DMG1012UW,smt,True
96.29,-51.93,90.0,top,Q6,,SOT-23,AO3407A,smt,True
106.14,-61.84,90.0,top,Q7,,SOT-323_SC-70,SI1308EDL,smt,True
114.42,-53.0875,-90.0,top,Q8,,SOT-23,PMV32UP,smt,True
114.42,-49.81,0.0,top,Q9,,SOT-323_SC-70,DMG1012UW,smt,True
122.93,-41.25,90.0,top,R1,,R_0402_1005Metric,22,smt,True
100.386,-42.056,0.0,top,R10,,R_0402_1005Metric,5K1,smt,True
100.39,-45.22,0.0,top,R11,,R_0402_1005Metric,5K1,smt,True
104.0,-47.59,90.0,top,R12,,R_0402_1005Metric,1K,smt,True
98.55,-49.88,180.0,top,R13,,R_0402_1005Metric,1K,smt,True
110.99,-54.54,0.0,top,R14,,R_0402_1005Metric,1M,smt,True
101.5492,-34.9176,-90.0,top,R16,,R_0402_1005Metric,10K,smt,True
103.9622,-36.0192,-90.0,top,R17,,R_0402_1005Metric,10K,smt,True
123.43,-46.655,90.0,top,R18,,R_0402_1005Metric,10K,smt,True
124.38,-46.655,90.0,top,R19,,R_0402_1005Metric,10K,smt,True
116.473,-40.147,90.0,top,R2,,R_0402_1005Metric,22,smt,True
95.37,-55.75,90.0,top,R20,,R_0402_1005Metric,4K7,smt,True
94.92,-54.34,0.0,top,R21,,R_0402_1005Metric,10K,smt,True
100.1902,-56.33,-90.0,top,R22,,R_0402_1005Metric,1M,smt,True
94.91,-57.17,180.0,top,R23,,R_0402_1005Metric,1M,smt,True
123.39,-51.05,180.0,top,R24,,R_0402_1005Metric,1M,smt,True
107.915,-62.615,-90.0,top,R25,,R_0402_1005Metric,470m,smt,True
103.82,-65.16,0.0,top,R26,,R_0402_1005Metric,1M,smt,True
116.66,-53.03,90.0,top,R28,,R_0402_1005Metric,1M,smt,True
111.73,-48.99,180.0,top,R29,,R_0402_1005Metric,1M,smt,True
109.474,-41.8084,0.0,top,R3,,R_0402_1005Metric,10K,smt,True
112.23,-40.4348,-90.0,top,R4,,R_0402_1005Metric,10K,smt,True
110.99,-50.08,180.0,top,R5,,R_0402_1005Metric,10K,smt,True
106.8,-47.95,90.0,top,R6,,R_0402_1005Metric,10K,smt,True
109.04,-49.94,-90.0,top,R7,,R_0402_1005Metric,1M,smt,True
127.59,-42.845,0.0,top,R8,,R_0402_1005Metric,5K1,smt,True
123.39,-37.965,0.0,top,R9,,R_0402_1005Metric,10K,smt,True
122.7,-88.455,-90.0,top,SC1,,KXOB25-05X3F,KXOB25-05X3TF-TR,smt,True
114.29,-88.455,-90.0,top,SC2,,KXOB25-05X3F,KXOB25-05X3TF-TR,smt,True
105.89,-88.445,-90.0,top,SC3,,KXOB25-05X3F,KXOB25-05X3TF-TR,smt,True
97.49,-88.435,-90.0,top,SC4,,KXOB25-05X3F,KXOB25-05X3TF-TR,smt,True
126.5,-45.72,-90.0,top,SW1,,SW_SPST_B3U-3000P,B3U-3000P,smt,True
126.5,-39.97,-90.0,top,SW2,,SW_SPST_B3U-3000P,B3U-3000P,smt,True
119.74,-51.11,0.0,top,TP1,,TestPoint_Pad_D1.0mm,DL_TXD0,tht,True
121.0056,-60.1218,0.0,top,TP10,,TestPoint_Pad_D1.0mm,3V3D,tht,True
119.74,-49.05,0.0,top,TP2,,TestPoint_Pad_D1.0mm,DL_RXD0,tht,True
99.31,-68.18,90.0,top,TP3,,TestPoint_Pad_D1.0mm,SOLAR+,tht,True
96.46,-69.08,90.0,top,TP4,,TestPoint_Pad_D1.0mm,SOLAR-,tht,True
122.14,-66.74,0.0,top,TP5,,TestPoint_Pad_D1.0mm,3V3,tht,True
93.325,-52.552,0.0,top,TP6,,TestPoint_Pad_D1.0mm,+LIPO,tht,True
111.21,-42.98,0.0,top,TP7,,TestPoint_Pad_D1.0mm,BOOT_MODE0,tht,True
101.23,-38.91,0.0,top,TP8,,TestPoint_Pad_D1.0mm,VBUS_IN,tht,True
124.66,-66.25,0.0,top,TP9,,TestPoint_Pad_D1.0mm,CHIP_EN,tht,True
118.655,-44.574,-90.0,top,U1,,QFN-32-1EP_5x5mm_P0.5mm_EP3.6x3.6mm,ESP32-C6FH4,smt,True
100.943,-43.6295,0.0,top,U2,,SOT-666,USBLC6-2P6,smt,True
101.55,-50.72,0.0,top,U3,,SOT-23-5,MCP73831T-2ACI/OT,smt,True
106.71,-57.01,0.0,top,U4,,QFN-28-1EP_5x5mm_P0.5mm_EP3.35x3.35mm,AEM10941,smt,True
111.97,-57.1175,-90.0,top,U6,,SOT-23-5,XC6220,smt,True
104.94,-35.18,0.0,bottom,U7,,BME680-PSON80P300X300X100-8N,BME688,smt,True
113.92,-39.095,-90.0,top,Y1,,Crystal_SMD_3215-2Pin_3.2x1.5mm,CM315D32768DZFT,smt,True
123.435,-43.5,180.0,top,Y2,,Crystal_SMD_2016-4Pin_2.0x1.6mm,R940000171,smt,True
