﻿designator,quantity,value,pack,mpn,mount_type
AE1,1,RFECA3216060A1T,RFECA3216060A1T,,smt
BT1,1,S2B-PH-SM4-TB(LF)(SN),JST_PH_S2B-PH-SM4-TB_1x02-1MP_P2.00mm_Horizontal,,smt
"C1, C2",2,12p,C_0402_1005Metric,,smt
"C10, C11, C13, C18, C27, C28, C29, C6, C7",9,100n,C_0402_1005Metric,,smt
"C12, C15, C16",3,DNP,C_0402_1005Metric,,smt
"C14, C31, C32, C33, C34, C35, C36, C37, C38, C39, C9",11,1u,C_0402_1005Metric,,smt
"C17, C8",2,10n,C_0402_1005Metric,,smt
"C19, C20, C23, C24, C25, C26, C5",7,10u,C_0603_1608Metric,,smt
"C21, C22",2,22u,C_0603_1608Metric,,smt
"C3, C4",2,10p,C_0402_1005Metric,,smt
C30,1,1n,C_0402_1005Metric,,smt
"C40, C41",2,4u7,C_0603_1608Metric,,smt
D1,1,VLMO1300-GS08,LED_0603_1608Metric,,smt
D3,1,LL4148,D_MiniMELF,,smt
"D4, D5, D6",3,MBR0530,D_SOD-123,,smt
F1,1,0.75A,Fuse_0805_2012Metric,,smt
FB1,1,MMZ1608B601CTAH0,L_0603_1608Metric,,smt
J1,1,U262-161N-4BVC11,USB_C_Receptacle_XKB_U262-16XN-4BVC11,,smt
J2,1,+LIPO,TestPoint_THTPad_D1.0mm_Drill0.5mm,,tht
J3,1,-LIPO,TestPoint_THTPad_D1.0mm_Drill0.5mm,,tht
J4,1,HC-FPC-05-09-24RLTAG,FPC-SMD_24P-P0.50_HC-FPC-05-09-24RLTAG,,smt
L1,1,2n2,L_0402_1005Metric,,smt
L2,1,0,L_0402_1005Metric,,smt
L3,1,10u 0.55A,IND_LPS4012-103MRB,,smt
L4,1,10u,L_0603_1608Metric,,smt
L5,1,10u 1A,L_Changjiang_FNR4012S,,smt
"Q1, Q2, Q5, Q9",4,DMG1012UW,SOT-323_SC-70,,smt
Q3,1,MMBT3906,SOT-23,,smt
"Q4, Q8",2,PMV32UP,SOT-23,,smt
Q6,1,AO3407A,SOT-23,,smt
Q7,1,SI1308EDL,SOT-323_SC-70,,smt
"R1, R2",2,22,R_0402_1005Metric,,smt
"R10, R11, R8",3,5K1,R_0402_1005Metric,,smt
"R12, R13",2,1K,R_0402_1005Metric,,smt
"R14, R22, R23, R24, R26, R28, R29, R7",8,1M,R_0402_1005Metric,,smt
"R16, R17, R18, R19, R21, R3, R4, R5, R6, R9",10,10K,R_0402_1005Metric,,smt
R20,1,4K7,R_0402_1005Metric,,smt
R25,1,470m,R_0402_1005Metric,,smt
"SC1, SC2, SC3, SC4",4,KXOB25-05X3TF-TR,KXOB25-05X3F,,smt
"SW1, SW2",2,B3U-3000P,SW_SPST_B3U-3000P,,smt
TP1,1,DL_TXD0,TestPoint_Pad_D1.0mm,,tht
TP10,1,3V3D,TestPoint_Pad_D1.0mm,,tht
TP2,1,DL_RXD0,TestPoint_Pad_D1.0mm,,tht
TP3,1,SOLAR+,TestPoint_Pad_D1.0mm,,tht
TP4,1,SOLAR-,TestPoint_Pad_D1.0mm,,tht
TP5,1,3V3,TestPoint_Pad_D1.0mm,,tht
TP6,1,+LIPO,TestPoint_Pad_D1.0mm,,tht
TP7,1,BOOT_MODE0,TestPoint_Pad_D1.0mm,,tht
TP8,1,VBUS_IN,TestPoint_Pad_D1.0mm,,tht
TP9,1,CHIP_EN,TestPoint_Pad_D1.0mm,,tht
U1,1,ESP32-C6FH4,QFN-32-1EP_5x5mm_P0.5mm_EP3.6x3.6mm,,smt
U2,1,USBLC6-2P6,SOT-666,,smt
U3,1,MCP73831T-2ACI/OT,SOT-23-5,,smt
U4,1,AEM10941,QFN-28-1EP_5x5mm_P0.5mm_EP3.35x3.35mm,,smt
U6,1,XC6220,SOT-23-5,,smt
U7,1,BME688,BME680-PSON80P300X300X100-8N,,smt
Y1,1,CM315D32768DZFT,Crystal_SMD_3215-2Pin_3.2x1.5mm,,smt
Y2,1,R940000171,Crystal_SMD_2016-4Pin_2.0x1.6mm,,smt
